"mProtein","dProtein"
"Q14728","Q6NUS6"
"Q9NVV0","Q6NUS6"
"Q96S52","Q6NUS6"
"Q9Y394","Q6NUS6"
"P39656","Q6NUS6"
"Q8N0U8","Q6NUS6"
"O95197","Q6NUS6"
"P51572","Q6NUS6"
"Q9BTV4","Q6NUS6"
"Q96G23","Q6NUS6"
"O00264","Q6NUS6"
"O15173","Q6NUS6"
"Q3ZAQ7","Q6NUS6"
"Q6P1A2","Q6NUS6"
"Q96JJ7","Q6NUS6"
"Q4KMQ2","Q6NUS6"
"Q8TCT9","Q6NUS6"
"P27544","Q6NUS6"
"P49257","Q6NUS6"
"Q96A33","Q6NUS6"
"Q15125","Q6NUS6"
"Q8N6L1","Q6NUS6"
"Q96JC9","Q6PI77"
"Q9H0I2","Q6PI77"
"Q8WVC0","Q6PI77"
"Q969R5","Q6PI77"
"Q8IVT2","Q6PI77"
"Q9BWG6","Q6PF18"
"Q8IVS8","Q6PF18"
"Q13064","Q6PF18"
"Q63ZY3","Q6PF18"
"O43741","Q6PF18"
"Q8WYR4","Q6PF18"
"P51687","Q6PF18"
"P18077","Q86VM9"
"P08670","Q86VM9"
"P62829","Q86VM9"
"P16104","Q86VM9"
"Q09161","Q86VM9"
"P62805","Q86VM9"
"P20671","Q86VM9"
"O75367","Q86VM9"
"P39023","Q86VM9"
"P55040","Q8N1B4"
"Q9BWG6","Q8N1B4"
"Q53TS8","Q8N1B4"
"Q13895","Q8N1B4"
"Q96NC0","Q8N1B4"
"Q86WQ0","Q8N1B4"
"V9HW29","Q8N1B4"
"Q99459","Q8N1B4"
"Q8N3L3","Q8N1B4"
"Q9Y247","Q8N1B4"
"Q96GS4","Q8N1B4"
"Q8IVT4","Q8N1B4"
"Q13131","Q8N1B4"
"Q8N8B7","Q8N1B4"
"Q15561","Q8N1B4"
"C9JG97","Q8N1B4"
"O14964","Q8N1B4"
"O75558","Q8N1B4"
"Q9BSJ6","Q8N1B4"
"Q9P2K6","Q8N1B4"
"Q8TAE8","Q8N5N7"
"Q9NQ50","Q8N5N7"
"Q9BYD2","Q8N5N7"
"Q9H2W6","Q8N5N7"
"Q7Z7H8","Q8N5N7"
"Q9BYD6","Q8N5N7"
"O14530","Q8N720"
"Q8N6Y0","Q8N720"
"Q8WV44","Q8N720"
"Q9BXS5","Q8N720"
"Q96GM5","Q8N720"
"Q9Y2B5","Q8N720"
"P04843","O43765"
"O75830","O43765"
"O75509","O43765"
"Q68CJ9","O43765"
"Q15293","O43765"
"Q9HCN8","O43765"
"O95881","O43765"
"Q9Y680","O43765"
"Q96DN0","O43765"
"Q969H8","O43765"
"P30040","O43765"
"Q8TD06","O43765"
"Q8WW24","Q8NI38"
"P78412","Q8NI38"
"P52597","Q8NI38"
"Q0VD86","Q8NI38"
"P31943","Q8NI38"
"P53672","Q8NI38"
"Q99675","Q8TDT2"
"Q9NTJ5","Q8TDT2"
"Q9BQB6","Q8TDT2"
"Q5BJF2","Q8TDT2"
"Q15125","Q8TDT2"
"A0PK00","Q8TED1"
"Q8N0U8","Q8TED1"
"Q8TBM7","Q8TED1"
"Q69YG0","Q8TED1"
"Q6TCH4","Q8TED1"
"Q92520","Q8TED1"
"O00560","Q8WW34"
"P17544","Q8WW34"
"Q9UNA4","Q8WW34"
"Q8NI60","Q8WW34"
"Q9HC62","Q8WW34"
"P17066","Q92905"
"Q53G59","Q92905"
"P09936","Q92905"
"Q5VTR2","Q92905"
"Q9UNS2","Q92905"
"Q5VUJ6","Q92905"
"P53355","Q92905"
"Q93034","Q92905"
"Q9HCN8","Q96EQ0"
"Q15084","Q96EQ0"
"Q15293","Q96EQ0"
"P27797","Q96EQ0"
"P30040","Q96EQ0"
"Q9H173","Q96EQ0"
"Q3ZAQ7","Q96GX1"
"P39656","Q96GX1"
"Q9Y394","Q96GX1"
"P51572","Q96GX1"
"Q14728","Q96GX1"
"Q96G23","Q96GX1"
"O96005","Q96GX1"
"Q9NVV0","Q96GX1"
"Q4KMQ2","Q96GX1"
"O15173","Q96GX1"
"Q8N0U8","Q96GX1"
"Q9BTV4","Q96GX1"
"Q8N6L1","Q96GX1"
"O15260","Q96GX1"
"Q15125","Q96GX1"
"Q96A33","Q96GX1"
"Q9P035","Q96GX1"
"P49257","Q96GX1"
"Q8TCT9","Q96GX1"
"P27797","Q96GX1"
"P13667","Q96GX1"
"P11021","Q96GX1"
"Q96SN8","Q96R06"
"Q15648","Q96R06"
"Q96JN8","Q96R06"
"Q9H0W8","Q99471"
"O14503","Q99471"
"P61758","Q99471"
"P61289","Q99471"
"O95872","Q99471"
"Q86YD7","Q99471"
"Q9H2A3","Q99471"
"Q2WGJ6","Q99471"
"Q03014","Q99471"
"Q9BVN2","Q99471"
"Q5T681","Q99471"
"Q8ND83","Q99471"
"Q92844","Q99471"
"Q0VD86","Q99471"
"O43189","Q99471"
"Q3KP44","Q99471"
"Q8IYX7","Q99471"
"Q7L4I2","Q99471"
"B7ZLI8","Q99471"
"P78337","Q99471"
"P14735","Q99807"
"P06576","Q99807"
"Q07021","Q99807"
"O75891","Q99807"
"Q8NI60","Q99807"
"O00308","Q9BVN2"
"O15160","Q9BVN2"
"Q71SY5","Q9BVN2"
"Q9NQL9","Q9BYQ3"
"Q8TBB1","Q9BYQ3"
"P15151","Q9BYQ3"
"Q8NEC5","Q9BYQ3"
"Q0VD86","Q9BYQ3"
"P25490","Q9BYQ3"
"P62136","Q9BZS1"
"Q9UKT9","Q9BZS1"
"P13674","Q9BZS1"
"Q9UNE7","Q9BZS1"
"Q93062","Q9BZS1"
"P11047","Q9H6K4"
"P38646","Q9H6K4"
"Q9H078","Q9H6K4"
"P14735","Q9H6K4"
"Q14257","Q9H6K4"
"P25705","Q9H6K4"
"Q6P1W5","Q9H8Y8"
"O75348","Q9H8Y8"
"Q15008","Q9H8Y8"
"Q6ZVD7","Q9H8Y8"
"P11926","Q9H8Y8"
"Q8WZ55","Q9HB07"
"Q9NZD8","Q9HB07"
"Q6Q788","Q9HB07"
"Q86X24","Q9HB07"
"Q9P0J0","O75489"
"P17568","O75489"
"O75208","O75489"
"P48047","O75489"
"P31930","O75489"
"Q13011","O75489"
"Q93074","Q9NWA0"
"O75448","Q9NWA0"
"Q9Y3C7","Q9NWA0"
"Q9NVC6","Q9NWA0"
"O95402","Q9NWA0"
"Q9Y2X0","Q9NWA0"
"O75586","Q9NWA0"
"Q15648","Q9NWA0"
"O43513","Q9NWA0"
"Q53TS8","Q9UBB9"
"Q96NC0","Q9UBB9"
"Q9P291","Q9UBB9"
"Q14687","Q9UBB9"
"Q9UHR5","Q9UBB9"
"Q2M2Z5","Q9UBB9"
"Q8IVT4","Q9UBB9"
"Q9NRD5","Q9UBB9"
"Q8IYX3","Q9UBB9"
"O95696","Q9UBB9"
"Q86YD7","Q9UBB9"
"Q9NRE2","Q9UBB9"
"Q13895","Q9UBB9"
"A0A0A0MR97","Q9UBB9"
"Q9NV31","Q9UBB9"
"O43143","Q9UBB9"
"Q9HC52","Q9UBB9"
"Q9UBB9","Q9UBB9"
"Q9BWG6","Q9UBB9"
"Q9BW11","Q9UBB9"
"Q9P2K3","Q9UBB9"
"Q9UER7","Q9UBB9"
"Q96ES7","Q9UBB9"
"O75031","Q9UBB9"
"Q9UHL0","Q9UBB9"
"P25800","Q9UBB9"
"Q9NRI5","Q9UBB9"
"Q8IYI6","Q9UBB9"
"Q8N5A5","Q9UBB9"
"Q13064","Q9UBB9"
"O60341","Q9UBB9"
"Q63ZY3","Q9UBB9"
"O14777","Q9UBB9"
"O43482","Q9UBB9"
"Q969G5","Q9UBB9"
"Q13671","Q9UBB9"
"Q9UMS0","Q9UBB9"
"P62195","Q9UBB9"
"O15169","Q9UBB9"
"Q96HB5","Q9UBB9"
"P04264","Q9UBB9"
"O75145","Q9UBB9"
"Q13573","Q9UBB9"
"Q96LC9","Q9UBB9"
"Q9NYB9","Q9UBB9"
"A0A0S2Z6H0","Q9UBB9"
"Q53FD0","Q9UBB9"
"Q03252","Q9UBB9"
"O75604","Q9UBB9"
"A0A0S2Z4M1","Q9UBB9"
"P03372","Q9UBB9"
"A0A024R8L2","Q9UBB9"
"O15287","Q9UBB9"
"Q9UJ04","Q9UBB9"
"P05787","Q9UBB9"
"Q9H7H0","Q9UBB9"
"P62851","Q9UBX2"
"P14649","Q9UBX2"
"P30050","Q9UBX2"
"P07900","Q9UHH9"
"Q93062","Q9UHH9"
"P04637","Q9UHH9"
"O60568","Q9UHH9"
"P17661","Q9UL15"
"Q6VAB6","Q9UL15"
"Q9BPY3","Q9UL15"
"Q9NUQ3","Q9Y2D8"
"Q9BY89","Q9Y2D8"
"Q9BVV2","Q9Y2D8"
"O95125","Q9Y2D8"
"Q66GS9","Q9Y2D8"
"Q8IVT4","Q9Y2D8"
"P62714","Q9Y2T1"
"Q9BWG6","Q9Y2T1"
"Q99728","Q9Y2T1"
"Q9HCP6","Q9Y320"
"Q8N609","Q9Y320"
"Q5BJF2","Q9Y320"
"Q96BI1","Q9Y320"
"A0PK00","Q9Y320"
"Q7Z5P4","Q9Y320"
"Q9NTJ5","Q9Y320"
"Q8NBQ5","Q9Y320"
"Q9NWT8","Q9Y676"
"Q7Z4F1","Q9Y676"
"P03372","Q9Y676"
"Q92552","Q9Y676"
"P62753","Q9Y676"
"O14798","Q9Y676"
"O95159","Q9Y676"
"A5PKU2","Q9Y676"
"O95393","Q9Y676"
"P78382","Q9Y676"
"Q00613","O00629"
"P45973","O00629"
"Q9UKX7","O00629"
"Q13148","O00629"
"Q14807","O00629"
"Q13641","O14908"
"Q9HB19","O14908"
"P17643","O14908"
"Q92688","O60684"
"Q96C86","O60684"
"Q15637","O60684"
"O43148","O60684"
"Q16594","O60684"
"P20700","O60684"
"P78424","O60684"
"P46087","O60684"
"X5D778","O60684"
"Q9BUI4","O60684"
"Q9HAN9","O60684"
"Q92993","O60684"
"P02545","O60684"
"O14893","O60684"
"Q86YD7","O60684"
"P17661","O95678"
"O14964","O95678"
"Q63ZY3","O95678"
"O95872","O95678"
"Q8NI38","O95678"
"Q9HAQ2","O95678"
"Q5T7P2","O95967"
"Q9BYE3","O95967"
"Q5TA81","O95967"
"Q5T5B0","O95967"
"Q5TA82","O95967"
"Q5T751","O95967"
"Q5TA76","O95967"
"Q5T753","O95967"
"P56524","O95967"
"Q8NEZ3","O95573"
"Q6NUS6","O95573"
"P11279","O95573"
"P22307","P04040"
"Q9BTZ2","P04040"
"Q9UJ83","P04040"
"P34913","P04040"
"P51659","P04040"
"Q9Y2Q3","P04040"
"O15254","P04040"
"Q15067","P04040"
"Q6YN16","P04040"
"Q86WA8","P04040"
"O75521","P04040"
"Q08426","P04040"
"P04040","P04040"
"Q9BY49","P04040"
"A8MXV4","P04040"
"Q9NUI1","P04040"
"Q8IV20","P04040"
"P11413","P04040"
"Q06124","P04040"
"Q9BQG2","P04040"
"O14832","P04040"
"O00116","P04040"
"Q9Y6D9","P09917"
"Q9P0N9","P09917"
"Q04864","P09917"
"Q14160","P23508"
"O95391","P23508"
"Q8IYX8","P23508"
"Q5TAP6","P23508"
"Q9UGY1","P23508"
"Q9Y490","P25025"
"Q00610","P25025"
"P46940","P25025"
"Q9NP94","P25025"
"Q5S007","P25685"
"P05412","P25685"
"Q9Y266","P25685"
"Q16543","P25685"
"Q9Y4P8","P25685"
"P13569","P25685"
"O94763","P36873"
"Q12972","P36873"
"Q14684","P36873"
"P05412","P36873"
"O60927","P36873"
"Q96QC0","P36873"
"Q69YH5","P36873"
"Q9NWS0","P36873"
"Q5T749","P40692"
"P15173","P40692"
"Q96GN5","P40692"
"Q9BX63","P40692"
"Q9UDV6","P40692"
"Q969T7","P40692"
"Q96PP4","P40692"
"O76039","P40692"
"Q6NSI4","P40692"
"Q16658","P40692"
"Q7Z6R9","P40692"
"O15055","P40692"
"P08133","P40692"
"Q6NX45","P40692"
"Q6RVD6","P40692"
"Q9H0I2","P40692"
"Q8N6Y0","P53365"
"Q8TBB1","P53365"
"A1L4K1","P53365"
"P37198","P53365"
"P26045","P55884"
"Q5S007","P55884"
"O15371","P55884"
"P31040","P61254"
"P29350","P61254"
"Q9BPZ7","P61254"
"Q14213","P61769"
"P43629","P61769"
"Q03518","P61769"
"Q14943","P61769"
"Q14954","P61769"
"P32242","P78385"
"P55040","P78385"
"P08727","P78385"
"Q13148","Q04206"
"Q9Y2K7","Q04206"
"Q96L73","Q04206"
"O60885","Q04206"
"Q96EB6","Q04206"
"P05412","Q04206"
"P78545","Q04206"
"Q53EL6","Q04206"
"P46695","Q04206"
"Q13547","Q04206"
"P51531","Q04206"
"P47712","Q04206"
"Q9UH92","Q08117"
"O14503","Q08117"
"Q63ZY3","Q08117"
"Q9UFD9","Q08117"
"P78362","Q08117"
"Q9UJX0","Q08117"
"P03372","Q12959"
"A1A5B4","Q12959"
"Q96KB5","Q12959"
"P0C2L3","Q12959"
"Q86XJ0","Q12959"
"Q5VV41","Q12959"
"P22001","Q12959"
"Q96PE1","Q12959"
"Q9ULK5","Q12959"
"Q9C0D5","Q12959"
"O15427","Q12959"
"Q14957","Q12959"
"Q7Z628","Q12959"
"Q9NQ90","Q12959"
"O60447","Q12959"
"Q9UQB3","Q12959"
"P78536","Q12959"
"P33402","Q12959"
"P34998","Q12959"
"P36507","Q12959"
"Q9NTX7","Q12959"
"Q5VV41","Q14160"
"P25100","Q14160"
"P23508","Q14160"
"Q9NS75","Q14160"
"P22460","Q14160"
"P33402","Q14160"
"P20020","Q14160"
"Q14CM0","Q14160"
"P53778","Q14160"
"Q15311","Q14160"
"Q9P0K1","Q14160"
"Q01814","Q14160"
"Q9C0D5","Q14160"
"Q99569","Q14160"
"P34998","Q14160"
"Q14D04","Q14160"
"Q9UQB3","Q14160"
"P19320","Q14160"
"Q9GZV5","Q14160"
"P25054","Q14160"
"Q96GG9","Q14160"
"Q9UDY2","Q14160"
"P0C2L3","Q14160"
"A6NIX2","Q14160"
"P35222","Q14160"
"P46937","Q14160"
"Q14500","Q14160"
"P48050","Q14160"
"Q15349","Q14160"
"Q15418","Q14160"
"P00533","Q14457"
"Q8NEB9","Q14457"
"A4D1P6","Q14457"
"Q13895","Q16637"
"P22087","Q16637"
"P62314","Q16637"
"Q9Y3Y2","Q16637"
"P38432","Q16637"
"P11021","Q2MV58"
"Q15293","Q2MV58"
"Q8NBS9","Q2MV58"
"P14314","Q2MV58"
"Q14257","Q2MV58"
"Q32P28","Q2MV58"
"P50454","Q2MV58"
"P14625","Q2MV58"
"Q9NYU1","Q2MV58"
"Q8IXB1","Q2MV58"
"Q15084","Q2MV58"
"Q9Y2B0","Q2MV58"
"P07237","Q2MV58"
"Q7Z4H8","Q2MV58"
"Q8NBJ5","Q2MV58"
"Q9HCN8","Q2MV58"
"Q9NYU2","Q2MV58"
"P27797","Q2MV58"
"P55145","Q2MV58"
"P30040","Q2MV58"
"Q14696","Q2MV58"
"P13667","Q2MV58"
"Q9Y4L1","Q2MV58"
"P30101","Q2MV58"
"O43852","Q2MV58"
"P04843","Q2MV58"
"P51572","Q2MV58"
"Q13724","Q2MV58"
"Q9NR46","Q5JVL4"
"Q8IYA8","Q5JVL4"
"Q7Z3B4","Q5JVL4"
"P19320","P04083"
"Q8N163","P04083"
"Q13546","P04083"
"P0DMV9","P04083"
"P56945","P04083"
"Q06124","P04083"
"Q92569","Q8N998"
"Q96CN5","Q8N998"
"Q9Y247","Q8N998"
"P03372","Q8NEJ9"
"P67870","Q8NEJ9"
"Q9NY61","Q8NEJ9"
"Q9P2Y5","Q8NEB9"
"Q96F24","Q8NEB9"
"Q99570","Q8NEB9"
"Q9HB19","Q8TC57"
"A6NEM1","Q8TC57"
"Q8TBE0","Q8TC57"
"A5D8V6","Q93062"
"Q9NWS0","Q93062"
"Q6FIE9","Q93062"
"Q9H0E2","Q93062"
"Q03989","Q93062"
"Q14687","Q93062"
"B1AHB0","Q93062"
"Q14511","Q93062"
"Q6XQN6","Q93062"
"Q9H672","Q93034"
"Q15369","Q93034"
"Q96MG8","Q93034"
"O95376","Q93034"
"Q96BA8","Q96GQ5"
"Q8N6S5","Q96GQ5"
"P15260","Q96GQ5"
"Q6GQQ9","Q96LI6"
"O75603","Q96LI6"
"O95947","Q96LI6"
"B4DE54","Q96LI6"
"P28331","Q96LI6"
"O60248","Q96LI6"
"Q86UW9","Q96LI6"
"Q8WWY3","Q96MX3"
"Q15014","Q96MX3"
"Q08379","Q96MX3"
"Q7Z3K3","Q99732"
"O75886","Q99732"
"Q15025","Q99732"
"P46934","Q99732"
"Q5T6F2","Q9BUR4"
"P38432","Q9BUR4"
"Q99832","Q9BUR4"
"Q9NPF5","Q9BTT0"
"P43246","Q9BTT0"
"P12956","Q9BTT0"
"P54725","Q9HCK0"
"Q9H9D4","Q9HCK0"
"P63279","Q9HCK0"
"Q15014","Q9HCK0"
"P63165","Q9HCK0"
"Q9Y3C7","Q9NX70"
"O75586","Q9NX70"
"Q9NVC6","Q9NX70"
"Q9H7Z3","Q9NX70"
"Q9NWA0","Q9NX70"
"Q9BTT4","Q9NX70"
"Q15648","Q9NX70"
"Q15528","Q9NX70"
"Q14232","Q9NX70"
"O76074","Q9NZD8"
"Q9UI14","Q9NZD8"
"Q9HB07","Q9NZD8"
"Q8N6Y0","Q9NZD8"
"Q5JR12","Q9NZD8"
"Q6NVH7","Q9NZD8"
"Q3SY00","Q9NZD8"
"Q2TAA8","Q9NZD8"
"Q96PV4","Q9NZD8"
"Q9NR12","Q9P286"
"Q9H257","Q9P286"
"Q9H0I2","Q9P286"
"Q9Y3B2","Q9P286"
"O60504","Q9P286"
"Q07021","Q9P286"
"P14735","Q9P286"
"P63172","Q9UBY9"
"Q9UKT9","Q9UBY9"
"Q9UJY1","Q9UBY9"
"Q8NEC5","Q9UPG8"
"Q96GM5","Q9UPG8"
"Q86YD7","Q9UPG8"
"Q63ZY3","Q9UPG8"
"O75934","Q9UPG8"
"Q8WV44","Q9UPG8"
"P13807","Q9UPG8"
"Q6P158","Q9UPG8"
"Q9P0T4","Q9UPG8"
"P28482","Q9UPG8"
"Q96HB5","Q9UPG8"
"Q9C086","Q9UPG8"
"P35222","Q9Y297"
"Q16621","Q9Y297"
"Q13127","Q9Y297"
"P10070","Q9Y297"
"Q5D1E8","Q9Y297"
"P46937","Q9Y297"
"O75410","Q9Y297"
"Q12959","Q9Y297"
"Q3KP66","Q9Y297"
"P19838","Q9Y297"
"P18848","Q9Y297"
"P30304","Q9Y297"
"Q13651","Q9Y297"
"O00444","Q9Y297"
"O15169","Q9Y297"
"P49427","Q9Y297"
"Q9C026","Q9Y297"
"Q9Y2T1","Q9Y297"
"Q5HYW2","Q9Y297"
"Q9NQ86","Q9Y297"
"Q00987","Q9Y297"
"Q5JTC6","Q9Y297"
"P28069","Q9Y4B4"
"Q5T752","Q9Y4B4"
"Q5T754","Q9Y4B4"
"P54727","O00291"
"Q8TBB1","O00291"
"Q08426","O00291"
"Q04864","O00291"
"P19320","O00291"
"P14625","O15232"
"P11021","O15232"
"P07237","O15232"
"Q8IXB1","O15232"
"Q15084","O15232"
"Q9Y4L1","O15232"
"P13667","O15232"
"Q14676","O60934"
"Q68E01","O60934"
"Q9H9Y6","O60934"
"Q96EB6","O60934"
"Q8NBS9","O76015"
"Q8N6Y0","O76015"
"Q86YD7","O76015"
"P19013","O76015"
"Q96GM5","O76015"
"P78527","P13010"
"Q8IW19","P13010"
"Q14191","P13010"
"P25791","P17028"
"P26196","P17028"
"Q8WWY3","P17028"
"P14625","P49747"
"P07237","P49747"
"P11021","P49747"
"P13667","P49747"
"P58397","P49747"
"Q9NU19","P51116"
"Q13557","P51116"
"Q96C24","P51116"
"Q2TBE0","P51116"
"P18615","P52298"
"Q9BXP5","P52298"
"Q9H814","P52298"
"Q8NBZ0","P52292"
"O43148","P52292"
"Q9HAN9","P52292"
"Q8N6Y0","P52292"
"P63010","P52292"
"P46063","P52292"
"Q15637","P52292"
"Q01860","P52292"
"P45973","P52292"
"Q9NP66","P52292"
"Q9UJW9","P52292"
"O96017","P52292"
"P02545","P52292"
"Q96C86","P52292"
"P35579","P59998"
"P08559","P59998"
"Q92747","P59998"
"Q8WXB1","P59998"
"P10636","P68104"
"P19838","P68104"
"Q14166","P68104"
"Q9UL18","P68104"
"Q05516","P68104"
"Q9NZ94","P68104"
"P03950","P68104"
"P79522","P0DJD3"
"Q8TBB1","P0DJD3"
"Q8WWY3","P0DJD3"
"P49761","P0DJD3"
"Q8IYI6","P0CG20"
"P14373","P0CG20"
"Q99471","P0CG20"
"Q9Y5V3","P0CG20"
"P14923","P0CG20"
"Q9BRK4","P0CG20"
"Q9NU19","Q68G74"
"Q8WWY3","Q68G74"
"Q86Y26","Q68G74"
"Q86U70","Q68G74"
"Q8N6L0","Q8IY26"
"Q96LL3","Q8IY26"
"Q96BA8","Q8IY26"
"Q8TBP5","Q8IY26"
"Q8TBB6","Q8IY26"
"Q9UBN6","Q8IY26"
"A0A024R644","Q8IY26"
"Q5JX71","Q8IY26"
"Q9BY50","Q8IY26"
"Q96HJ5","Q8IY26"
"Q13651","Q8IY26"
"P15151","Q8IY26"
"Q15025","Q8N4P3"
"Q13287","Q8N4P3"
"O00471","Q8N4P3"
"Q9Y282","Q8TDV0"
"O15173","Q8TDV0"
"O14735","Q8TDV0"
"Q99675","Q8TDV0"
"Q8N0V3","Q96DZ9"
"P04798","Q96DZ9"
"Q6RVD6","Q96DZ9"
"Q96PE7","Q96DZ9"
"Q8N205","Q96DZ9"
"Q6NT76","Q96HR9"
"Q63HR2","Q96HR9"
"Q9NRS6","Q96HR9"
"Q7Z6V5","Q96GM5"
"Q9BWG6","Q96GM5"
"O00308","Q96GM5"
"P40199","Q96GM5"
"Q6PI77","Q96GM5"
"A8MQ03","Q96GM5"
"Q96B67","Q96GM5"
"Q13064","Q96GM5"
"Q7L4P6","Q96GM5"
"Q5JR12","Q96GM5"
"Q96HZ4","Q96GM5"
"P31249","Q96GM5"
"Q9UEG4","Q96GM5"
"A0A0A0MR80","Q96GM5"
"Q14145","Q96GM5"
"Q9H3P2","Q96GM5"
"Q9H9H4","Q96GM5"
"Q96KN3","Q96GM5"
"O43586","Q96GM5"
"P13994","Q96GM5"
"Q99619","Q96GM5"
"Q9UKT9","Q96GM5"
"P08123","Q96GM5"
"Q9UJW9","Q96GM5"
"O75420","Q96GM5"
"Q9BRK4","Q96GM5"
"Q5BKX5-3","Q96GM5"
"Q6IC98","Q96GM5"
"A6NEM1","Q96GM5"
"Q13526","Q9BTY2"
"Q2TAL6","Q9BTY2"
"P50222","Q9BTY2"
"O96014","Q9BTY2"
"Q9UL45","Q9BV36"
"O00194","Q9BV36"
"Q6P9E2","Q9BV36"
"O43513","Q9BWU1"
"Q9NVC6","Q9BWU1"
"Q93074","Q9BWU1"
"O75586","Q9BWU1"
"Q9Y3C7","Q9BWU1"
"P35637","Q9H3D4"
"Q13526","Q9H3D4"
"Q13625","Q9H3D4"
"Q8WV44","Q9Y2P0"
"Q9H5H4","Q9Y2P0"
"Q9UEG4","Q9Y2P0"
"Q9Y6K9","Q9Y2P0"
"Q4V328","Q9Y2P0"
"P49761","Q9Y2P0"
"Q93062","A2VCK2"
"O43559","A2VCK2"
"Q8N9N5","A2VCK2"
"Q6ZVD8","O14745"
"P13569","O14745"
"P07550","O14745"
"Q9BXI6","O14745"
"P09619","O14745"
"P47900","O14745"
"Q9NWQ8","O14745"
"P46937","O14745"
"Q13177","O94875"
"Q9UHB6","O94875"
"P42768","O94875"
"P31749","O95999"
"Q12933","O95999"
"Q9BXL7","O95999"
"Q05513","O95999"
"P20749","O95999"
"Q8N6Y0","O95999"
"Q00403","P20226"
"P21675","P20226"
"Q15545","P20226"
"Q53T94","P20226"
"P52655","P20226"
"Q5JR59","P41220"
"Q9UBQ0","P41220"
"O60260","P41220"
"P49790","P49790"
"P02545","P49790"
"Q9UPY3","P49790"
"Q9UBU9","P49790"
"Q92973","P49790"
"Q8NI60","P55809"
"O75891","P55809"
"Q07021","P55809"
"Q5T749","P60228"
"O15371","P60228"
"Q6NTE8","P60228"
"Q96MX3","P60228"
"Q59EK9","P60228"
"P43146","P60228"
"Q5JXC2","P60228"
"Q14152","P60228"
"Q8TB40","Q00765"
"Q96AL5","Q00765"
"Q6P1Q0","Q00765"
"O75376","P85037"
"Q96ST3","P85037"
"P03372","P85037"
"Q9BZK7","P85037"
"Q92560","P85037"
"Q5TA45","Q16512"
"Q9UGI0","Q16512"
"P07196","Q16512"
"Q13064","Q16512"
"Q8IX21","Q5VUG0"
"Q01664","Q5VUG0"
"Q9C0C9","Q5VUG0"
"Q0VD86","Q6P5X5"
"O43559","Q6P5X5"
"Q8N9N5","Q6P5X5"
"Q96B26","Q6P5X5"
"Q3B820","Q86Y26"
"P52292","Q86Y26"
"Q14997","Q86Y26"
"Q96EB6","Q8WTS6"
"Q04206","Q8WTS6"
"P04637","Q8WTS6"
"P26358","Q8WTS6"
"O60232","Q99832"
"P78318","Q99832"
"Q9H6K4","Q99832"
"P23258","Q99832"
"P13569","Q99832"
"Q9NXB0","Q99832"
"O75381","Q99832"
"Q15256","Q99832"
"P10398","Q99832"
"O43815","Q99832"
"Q13033","Q99832"
"Q96K78","Q99523"
"P06280","Q99523"
"P04629","Q99523"
"P05231","Q99523"
"Q01638","Q9BXN2"
"Q9BSE2","Q9BXN2"
"Q8N205","Q9BXN2"
"Q96BA8","Q9H115"
"Q53GL0","Q9H115"
"O15155","Q9H115"
"Q92997","Q9HC52"
"Q92993","Q9HC52"
"O00257","Q9HC52"
"Q96KN7","Q9HC52"
"Q8IXK0","Q9HC52"
"P42568","Q9HC52"
"P19320","Q9NZI8"
"Q00839","Q9NZI8"
"Q5T7N2","Q9NZI8"
"Q5S007","Q9NZI8"
"Q14457","Q9UBU9"
"Q96CG3","Q9UBU9"
"Q9H079","Q9UBU9"
"Q6P1L6","Q9UBU9"
"Q53TS8","Q9UJY1"
"P49247","Q9UJY1"
"Q7L5A3","Q9UJY1"
"Q9UNI6","Q9UJY1"
"Q9HCK5","O15397"
"P54253","O15397"
"Q15077","O15397"
"Q15797","O15397"
"Q9Y275","O15397"
"Q86VQ0","O15397"
"P27105","O15397"
"Q9UKV8","O15397"
"O43296","O15397"
"Q9H9G7","O15397"
"P19532","O15397"
"Q9BUG6","O15397"
"Q68CZ1","O15397"
"Q9H6K4","O14925"
"Q9BVV7","O14925"
"Q6PEY1","O14925"
"Q8N5N7","O95900"
"O76031","O95900"
"Q9Y2S7","O95900"
"P09622","P07741"
"P19320","P07741"
"Q6DKK2","P07741"
"Q06124","P08069"
"P31946","P08069"
"P05556","P08069"
"Q9Y4H2","P08069"
"Q9NZN5","P08069"
"P04264","P0DN76"
"O95678","P0DN76"
"P40692","P0DN76"
"Q5JST6","P0DN76"
"A7MD48","P0DN76"
"Q6FHY5","P0DN76"
"Q8TAU3","P0DN76"
"P35222","P08575"
"P00533","P08575"
"P20701","P08575"
"Q9Y6D6","P19338"
"P49407","P19338"
"P56945","P19338"
"P19338","P19338"
"Q13464","P19338"
"Q96JS3","P22736"
"Q9Y4D7","P22736"
"P04637","P22736"
"P14923","P35221"
"Q9H0H5","P35221"
"Q5VT06","P35221"
"P25963","P35221"
"Q99714","P35221"
"Q96PY6","Q14738"
"P30154","Q14738"
"Q15172","Q14738"
"Q13136","Q14738"
"Q562F6","Q14738"
"P30307","Q14738"
"Q9H0I2","Q5T124"
"Q8IYR0","Q5T124"
"Q9BWG6","Q5T124"
"Q9BVN2","Q6DKK2"
"Q9H788","Q6DKK2"
"Q9H0W8","Q6DKK2"
"Q8IYA8","Q6DKK2"
"O95872","Q6DKK2"
"P0CG20","Q6DKK2"
"Q15025","Q96T60"
"Q9NRD5","Q96T60"
"Q9BWT7","Q96T60"
"Q13426","Q96T60"
"P18887","Q96T60"
"Q92997","Q96T60"
"Q15633","Q96T60"
"O96019","Q96L91"
"Q9H2F5","Q96L91"
"P13196","Q96L91"
"Q05BQ5","Q96L91"
"P01106","Q96L91"
"Q6PJQ5","Q96L91"
"P03372","Q96L91"
"Q9H2H9","Q9BQ51"
"Q7Z4F1","Q9BQ51"
"Q7Z2K6","Q9BQ51"
"P27824","Q9GZT9"
"Q99814","Q9GZT9"
"Q14318","Q9GZT9"
"Q99675","O14735"
"O95197","O14735"
"Q15125","O14735"
"Q7Z5P4","O14735"
"Q9Y320","O14735"
"Q8N5K1","O14735"
"Q8N5M9","O14735"
"P09622","P13929"
"P00441","P13929"
"P36957","P13929"
"Q9UJC3","P35613"
"P13569","P35613"
"P56945","P35613"
"P27824","P35613"
"P13569","Q05639"
"P32121","Q05639"
"Q15843","Q05639"
"Q969K4","Q05639"
"P10636","Q05639"
"P31930","O00483"
"P17568","O00483"
"Q969Z0","O00483"
"Q13011","O00483"
"Q9P0J0","O00483"
"P48047","O00483"
"P13073","O00483"
"P10809","O00483"
"O75027","O00483"
"O43819","O00483"
"O00429","O00483"
"Q96CU9","O00483"
"Q5S007","O00483"
"P06576","O00483"
"P49821","O00483"
"Q16891","O00483"
"Q9BVV7","O00483"
"Q6UB35","O00483"
"P52789","O00483"
"P49748","O00483"
"Q16774","O00483"
"Q9H078","O00483"
"Q96FW1","O00483"
"Q02978","O00483"
"Q9Y6N5","O00483"
"P12074","O00483"
"Q9BU61","O00483"
"Q9H845","O00483"
"Q16718","O00483"
"Q6P4A7","O00483"
"Q9NPJ3","O00483"
"O95721","O00483"
"Q9NX63","O00483"
"P40939","O00483"
"P42356","O00483"
"Q14257","O00483"
"P38646","O00483"
"Q10713","O00483"
"Q9BUR5","O00483"
"Q9ULC5","O00483"
"Q9NPL8","O00483"
"O94905","P27105"
"P42167","P27105"
"Q969S0","P27105"
"Q9UKR5","P27105"
"Q15125","P27105"
"P31937","Q6RW13-2"
"Q9BXK5","Q6RW13-2"
"Q5VYK3","Q6RW13-2"
"Q13895","Q8IYB1"
"Q9UP95","Q8IYB1"
"O60447","Q8IYB1"
"P05412","Q8IYB1"
"P26367","Q96EL3"
"P41743","Q96EL3"
"Q9UKT9","Q96EL3"
"Q9Y2D8","Q96EL3"
"Q13011","Q9P015"
"Q8N5N7","Q9P015"
"Q59EK9","Q9P015"
"Q9HA82","Q9UKG4"
"P27352","Q9UKG4"
"Q7Z2K6","Q9UKG4"
"P21673","Q9UFG5"
"P53365","Q9UFG5"
"O43186","Q9UFG5"
"Q13490","Q9Y572"
"Q13546","Q9Y572"
"Q9H171","Q9Y572"
"P19320","P50552"
"Q15942","P50552"
"O95684","P50552"
"Q6Q788","Q9BTV4"
"Q14318","Q9BTV4"
"Q9UHP3","Q9BTV4"
"P11684","Q9BTV4"
"Q6PEW1","Q9BTV4"
"P13639","P31040"
"P04843","P31040"
"P14625","P31040"
"Q15084","P31040"
"P50454","P31040"
"P22695","P31040"
"Q6P9B9","P30153"
"Q9NYA3","P30153"
"Q9ULQ0","P30153"
"P36957","P30153"
"Q93052","P30153"
"Q08AF8","P30153"
"Q9BQ15","P30153"
"Q8IWZ5","O75093"
"P49639","O75093"
"Q6ZNG0","O75093"
"Q99750","P21549"
"Q8WVR3","P21549"
"Q9NR55","P21549"
"Q6DKK2","P21549"
"Q9NRI5","P10909"
"P01100","P10909"
"P18509","P10909"
"Q5S007","P10909"
"O00429","P30050"
"P08559","P30050"
"P29350","P30050"
"Q9UBX2","P30050"
"P13569","P43686"
"Q16186","P43686"
"P06400","P43686"
"P03372","P62910"
"Q86VM9","P62910"
"P08559","P62910"
"Q05516","Q00444"
"Q92997","Q00444"
"Q9H8Y8","Q00444"
"P56524","P31947"
"Q92934","P31947"
"Q9UJM3","P31947"
"Q8WUI4","P31947"
"Q6VAB6","P31947"
"Q9NYF3","P31947"
"Q9UQL6","P31947"
"P30305","P31947"
"P04150","P31947"
"Q17RB8","P31947"
"P00533","P31947"
"Q92547","P31749"
"Q00987","P31749"
"Q14696","P31749"
"Q96EB6","P31749"
"P05771","P31749"
"P62136","P31749"
"P04150","P31749"
"P26358","P31749"
"Q15047","P31749"
"P53804","P31749"
"P36957","Q6YN16"
"P09622","Q6YN16"
"Q5S007","Q6YN16"
"Q96BA8","Q96G79"
"P00387","Q96G79"
"Q96EP9","Q96G79"
"O00559","Q96G79"
"Q8ND90","Q9NRE2"
"Q9UBB9","Q9NRE2"
"O75420","Q9NRE2"
"P04049","Q9NX61"
"Q96GX1","Q9NX61"
"P03372","Q9NX61"
"P27105","Q9NX61"
"Q8WUK0","O75306"
"O75208","O75306"
"Q16795","O75306"
"O75489","O75306"
"O75380","O75306"
"P62753","P82930"
"P22087","P82930"
"P68431","P82930"
"P03372","P82930"
"P55072","Q9Y263"
"Q96CS3","Q9Y263"
"O00629","Q9Y263"
"Q96D03","Q9Y263"
"V9HW80","Q9Y263"
"Q9UBN7","Q9Y263"
"P52272","O43660"
"P08559","O43660"
"Q99459","O43660"
"Q9UNS2","P18085"
"P56945","P18085"
"Q9H190","P18085"
"P07814","P35610"
"O95831","P35610"
"P36542","P35610"
"P63104","P35610"
"P28331","P35610"
"P13639","P35610"
"P15924","P35610"
"Q9H3K6","P35610"
"Q12931","P35610"
"P32322","P35610"
"Q8WUM4","P35610"
"Q8NC51","P35610"
"Q9UL63","P35610"
"O75526","P35610"
"P45880","P35610"
"Q6VN20","Q8IVV7"
"Q9UL63","Q8IVV7"
"Q9H7D7","Q8IVV7"
"Q9Y282","Q96JW4"
"P15151","Q96JW4"
"Q8N6L0","Q96JW4"
"Q9NU19","P36406"
"Q3KP44","P36406"
"Q96CJ1","P36406"
"Q8TBB1","P36406"
"P78337","P36406"
"Q64LD2","P36406"
"Q2TBE0","P36406"
"Q9UBY9","P36406"
"Q9H788","P36406"
"Q86YD7","P36406"
"Q8IWZ5","P36406"
"O00214","P36406"
"Q12815","P36406"
"Q99569","P36406"
"Q86Y33","P36406"
"O43189","P36406"
"Q8WWY3","P36406"
"Q9UNA4","P36406"
"O95678","P36406"
"P51116","P36406"
"Q9UMX0","P36406"
"Q63HK5","P36406"
"O75928","P36406"
"P25786","P36406"
"P02538","P36406"
"Q99933","P36406"
"Q14134","P36406"
"Q9BQ89","P36406"
"Q9Y2T2","P36406"
"Q0P6H7","P36406"
"Q53TS8","P36406"
"Q6P1J9","P36406"
"Q92608","P36406"
"Q6AI39","P36406"
"Q8IYE1","P36406"
"P11021","P48039"
"Q15084","P48039"
"P27797","P48039"
"Q99988","P49639"
"Q9H2G9","P49639"
"Q9H0I2","P49639"
"Q8NEC5","P49639"
"P11021","P56817"
"P07237","P56817"
"P27797","P56817"
"Q9BYE3","O14633"
"P01137","O14633"
"O15496","O14633"
"Q5TA76","O14633"
"Q9Y4L1","P60520"
"P14625","P60520"
"P27797","P60520"
"Q14257","P60520"
"Q9BQS8","P60520"
"P05412","P62136"
"O60927","P62136"
"O94763","P62136"
"Q14684","P62136"
"Q5S007","P62136"
"Q96QC0","P62136"
"Q8NI77","P62136"
"Q99459","P62136"
"Q12972","P62136"
"Q9NWS0","P62136"
"Q96T49","P62136"
"Q9UHL3","P63167"
"Q6NT76","P63167"
"Q9NVP4","P63167"
"Q4VCS5","P63167"
"Q9Y2J4","P63167"
"Q96LC9","P63167"
"Q14149","P63167"
"Q6P1L5","P63167"
"Q8TD19","P63167"
"Q8NA54","P63167"
"Q9NVV4","P63167"
"Q9NQX3","P63167"
"Q9P2Z0","P63167"
"Q8ND90","Q07002"
"P19012","Q07002"
"Q63ZY3","Q07002"
"P30281","Q07002"
"Q0VD86","Q07002"
"P56945","Q07912"
"P08238","Q07912"
"P50991","Q07912"
"P00533","Q07912"
"Q9BYE3","Q12805"
"Q5TA81","Q12805"
"Q5TA76","Q12805"
"Q5T751","Q12805"
"P49336","Q12888"
"P01106","Q12888"
"P41182","Q12888"
"Q92793","Q12888"
"Q6ZNX1","Q12888"
"P04637","Q12888"
"P56182","Q12824"
"O00139","Q12824"
"P36776","Q12824"
"Q15046","Q12824"
"Q92922","Q12824"
"Q99497","Q12824"
"O75376","Q12824"
"Q00059","Q12824"
"P16989","Q12824"
"Q86U86","Q12824"
"P06744","Q12824"
"Q9NPI1","Q12824"
"Q7Z739","Q12824"
"Q16891","Q12824"
"O60814","Q12824"
"O75367","Q12824"
"P0DMV8","Q12824"
"A3KMH1","Q12824"
"P52565","Q12824"
"Q12824","Q12824"
"P26038","Q12824"
"Q8WUB8","Q12824"
"Q9UL42","Q12824"
"Q8TAQ2","Q12824"
"Q9UBE0","Q12824"
"O95347","Q12824"
"Q9UJZ1","Q12824"
"O15027","Q12824"
"P07814","Q12824"
"P0DMV9","Q12824"
"P51532","Q12824"
"P07237","Q12824"
"Q9Y4L1","Q12824"
"P27797","Q12824"
"Q15293","Q12824"
"P14625","Q12824"
"O75604","Q13137"
"Q3SY00","Q13137"
"P47897","Q13137"
"Q8TBE0","Q13137"
"P26640","Q13137"
"Q9BWG6","Q13137"
"Q12774","Q13137"
"O00311","Q13137"
"Q7Z3B3","Q13137"
"P09067","Q13137"
"Q9P1Z0","Q13137"
"O43602","Q13137"
"Q99633","Q13137"
"Q9Y3M9","Q13137"
"Q8WUI4","Q13137"
"Q9GZV5","Q13188"
"P46821","Q13188"
"P04049","Q13188"
"Q8N661","Q13323"
"Q5TGU0","Q13323"
"Q9BXJ8","Q13323"
"Q9GZR5","Q13323"
"O00264","Q13323"
"Q8NBD8","Q13323"
"Q92520","Q13323"
"Q6P6B1","Q14145"
"Q9P202","Q14145"
"Q9NY33","Q14145"
"A0A0C4DFT7","Q14145"
"P02724","Q14145"
"B8Q183","Q14145"
"Q8TDV0","Q14145"
"O14920","Q14145"
"Q16236","Q14145"
"Q6P1L5","Q14145"
"Q86YC2","Q14145"
"Q9Y3Q8","Q14145"
"P02452","Q14145"
"Q9BWT7","Q14145"
"Q9UKX7","Q14145"
"Q2NKX9","Q14145"
"Q9HBW0","Q15599"
"Q15139","Q15599"
"P13569","Q15599"
"Q05066","Q15599"
"P46937","Q15599"
"Q17R89","Q15599"
"P60866","Q15843"
"Q8TEB1","Q15843"
"P46777","Q15843"
"Q07021","Q3MIX3"
"P14735","Q3MIX3"
"O75891","Q3MIX3"
"P06576","Q3MIX3"
"Q4V328","Q4V328"
"Q14241","Q4V328"
"Q2TBE0","Q4V328"
"P56524-2","Q4V328"
"Q9BV47","Q4V328"
"Q96LL3","Q53FP2"
"Q59EV6","Q53FP2"
"Q15836","Q53FP2"
"Q08426","Q53FP2"
"Q8WWP7","Q53FP2"
"Q9P0L0","Q53FP2"
"O15155","Q53FP2"
"Q9NWN3","Q5JR59"
"Q8NEY8","Q5JR59"
"Q8IWZ5","Q5JR59"
"Q8TBB1","Q5JR59"
"Q8WWY3","Q5JR59"
"Q86YD7","Q5JR59"
"Q8NEC5","Q5JR59"
"Q8IYX8","Q5JR59"
"L7RT22","Q5JR59"
"Q9BT49","Q5JR59"
"Q99959","Q5JR59"
"Q86Y33","Q5JR59"
"Q2TBE0","Q5JR59"
"Q13263","Q5T7N2"
"Q08211","Q5T7N2"
"Q9P2M7","Q5T7N2"
"P11388","Q5T7N2"
"Q09028","Q5T7N2"
"P09874","Q5T7N2"
"O00571","Q5T7N2"
"P35222","Q5T7N2"
"Q01860","Q5T7N2"
"P22626","Q5T7N2"
"Q8TBB1","Q5VWX1"
"Q8WWY3","Q5VWX1"
"Q8TBE0","Q5VWX1"
"Q8NEC5","Q5VWX1"
"O00560","Q5VWX1"
"Q9NTJ5","Q15125"
"Q7L5N7","Q15125"
"Q8NBD8","Q15125"
"Q9BXJ8","Q15125"
"Q8N661","Q15125"
"Q96MV1","Q15125"
"Q5TGU0","Q15125"
"Q16181-2","Q04864"
"O15371","Q04864"
"P61086","Q04864"
"Q01804","Q04864"
"Q7L2R6","Q04864"
"Q495W5","Q04864"
"Q5JT25","Q04864"
"O94979","Q04864"
"P63241","Q04864"
"Q14919","O00560"
"Q9UGI0","O00560"
"Q5TD97","O00560"
"Q8WW34","O00560"
"Q96EV8","O00560"
"Q17RB0","O00560"
"P31350","O00560"
"Q9UHC7","O00560"
"Q96JC9","O00560"
"Q9NWX6","O00560"
"Q92529","Q8N6Y0"
"Q96B02","Q8N6Y0"
"Q8IVT4","Q8N6Y0"
"Q9BQ89","Q8N6Y0"
"Q6PIY2","Q8N6Y0"
"Q13064","Q8N6Y0"
"P37198","Q8N6Y0"
"Q9NPJ6","Q8N6Y0"
"Q63ZY3","Q8N6Y0"
"Q14D33","Q8N6Y0"
"Q8TAB5","Q8N6Y0"
"O95678","Q8N6Y0"
"P54646","Q8N6Y0"
"Q6P1K2","Q8N6Y0"
"Q99816","Q8N6Y0"
"Q6PJG6","Q8N6Y0"
"Q96BZ8","Q8N6Y0"
"Q96GM5","Q8N6Y0"
"Q9Y4H4","Q8N6Y0"
"O15155","Q8N6Y0"
"Q9BYU1","Q8N6Y0"
"P15173","Q8N6Y0"
"P09683","Q8N6Y0"
"Q8N3L3","Q8N6Y0"
"Q76N32","Q8N6Y0"
"Q96FQ7","Q8N6Y0"
"Q5XKE5","Q8N6Y0"
"Q5VWN6","Q8N6Y0"
"Q2KHM9","Q8N6Y0"
"Q8N6Y0","Q8N6Y0"
"P53365","Q8N6Y0"
"Q5JUK2","Q8N6Y0"
"P07992","Q8N6Y0"
"Q9H0I2","Q8N6Y0"
"Q8N720","Q8TBB1"
"Q86YD7","Q8TBB1"
"Q15555","Q8TBB1"
"Q92997","Q8TBB1"
"Q96ES7","Q8TBB1"
"Q8IZU0","Q8TBB1"
"Q9UGI0","Q8TBB1"
"Q14919","Q8TBB1"
"Q96GS4","Q8TBB1"
"Q96KQ4","Q8TBB1"
"Q96MH2","Q8TBB1"
"Q9H2G4","Q8TBB1"
"Q9H8K7","Q8TBB1"
"Q13370","Q8TBB1"
"P55072","Q8TBB1"
"P04271","Q8TBB1"
"P83916","Q8TBB1"
"P12814","Q8TBB1"
"Q9BWG6","Q8TBB1"
"Q9NP66","Q8TBB1"
"Q969R2","Q8TBB1"
"Q9H4L5","Q8TBB1"
"Q969R2-2","Q8TBB1"
"Q4V328","Q8TBB1"
"Q86V42","Q8TBB1"
"Q13094","Q8TBB1"
"O14744","Q8TBB1"
"A2RRN7","Q8TBB1"
"O60682","Q8TBB1"
"Q96F86","Q8TBB1"
"Q53GL6","Q8TBB1"
"O43707","Q8TBB1"
"Q9P209","Q8TBB1"
"Q5T481","Q8TBB1"
"Q5JR59","Q96HA8"
"Q9NP81","Q96HA8"
"P43365","Q96HA8"
"Q13867","Q96HA8"
"P51178","Q96HA8"
"Q8ND83","Q96HA8"
"Q7Z3Y8","Q96HA8"
"P31947","Q96HA8"
"Q08379","Q96HA8"
"Q9BRV8","Q96HA8"
"P19801","Q96HA8"
"Q9BVN2","Q96HA8"
"Q5T3J3","Q96HA8"
"Q9BRK4","Q96HA8"
"Q9NSC5","Q96HA8"
"P35609","Q96HA8"
"P63261","Q96HA8"
"Q5BKX8","Q96HA8"
"Q03154","Q96HA8"
"Q9NX63","Q96HA8"
"Q93062","Q96HA8"
"P43356","Q96HA8"
"Q9NT22","Q96HA8"
"Q4LEZ3","Q96HA8"
"Q15323","Q96HA8"
"Q93045","Q96HA8"
"P43364","Q96HA8"
"Q9NP66","Q96HA8"
"Q96NT0","Q96HA8"
"Q96AA8","Q96HA8"
"Q6ZU15","Q96HA8"
"A2BDD9","Q96HA8"
"Q96BZ8","Q96HA8"
"Q53EZ4","Q96HA8"
"Q9Y6D9","Q96HA8"
"Q96SF7","Q96HA8"
"Q9H773","Q96HA8"
"Q96HQ2","Q96HA8"
"Q8TD10","Q96HA8"
"Q9BV19","Q96HA8"
"O95721","Q96HA8"
"Q96EH3","Q96HA8"
"Q8NB15","Q96HA8"
"P86480","Q96HA8"
"Q17RB8","Q96HA8"
"Q5T7W0","Q96HA8"
"Q9BXI3","Q96HA8"
"Q9BUA3","Q96HA8"
"O75348","Q96HA8"
"O15049","Q96HA8"
"Q9NYP9","Q96HA8"
"Q9NVV9","Q96HA8"
"O75031","Q96HA8"
"Q9BRJ7","Q96HA8"
"O75553","Q96HA8"
"Q6ZRT6","Q96HA8"
"Q96HT8","Q96HA8"
"Q5T481","Q96HA8"
"Q9P286","Q96HA8"
"Q15714","Q96HA8"
"Q9Y2V7","Q96HA8"
"Q96JM7-2","Q96HA8"
"P41212","Q96HA8"
"Q5RL73","Q96HA8"
"Q9NWM3","Q96HA8"
"Q6IC98","Q96HA8"
"Q9Y250","Q96HA8"
"Q9BT25","Q96HA8"
"O43679","Q96HA8"
"Q8NA82","Q96HA8"
"Q96KP6","Q96HA8"
"P20807","Q96HA8"
"Q5T280","Q0VD86"
"Q5HYW2","Q0VD86"
"Q9H0W8","Q0VD86"
"P62310","Q0VD86"
"O15084","Q0VD86"
"Q9Y534","Q0VD86"
"Q14119","Q0VD86"
"P51687","Q0VD86"
"Q9UJX0","Q0VD86"
"P49761","Q0VD86"
"Q15561","Q0VD86"
"P10398","P63104"
"P10070","P63104"
"P57059","P63104"
"Q5PRF9","P63104"
"Q8TEW0","P63104"
"P31040","P63104"
"P04792","P63104"
"P31327","P63104"
"P54253","P63104"
"Q8WUI4","P63104"
"P30793","P63104"
"P00519","P63104"
"P06733","P63104"
"P04637","P63104"
"Q9Y4H4","P63104"
"P06576","P63104"
"P15056","P63104"
"Q02241","P63104"
"P07101","P63104"
"P30304","P63104"
"P36957","P63104"
"O00429","P63104"
"Q9Y2K2","P63104"
"Q6PKG0","P63104"
"P27448","P63104"
"P16471","P63104"
"P58876","P63104"
"P56524","P63104"
"O43524","P63104"
"P49815","P63104"
"O96013","P63104"
"O60343","P63104"
"Q9NRI5","P63104"
"P07305","P63104"
"Q5T5U3","P63104"
"P68431","P63104"
"Q9H1R3","P63104"
"P02751","P13569"
"O95433","P13569"
"P0DP23","P13569"
"P62913","P13569"
"Q9BZF9","P13569"
"Q9UQ35","P13569"
"O60716","P13569"
"P27635","P13569"
"Q13813","P13569"
"P15924","P13569"
"P35579","P13569"
"P35580","P13569"
"P14923","P13569"
"Q9Y6M1","P13569"
"P26006","P13569"
"P62424","P13569"
"P04637","P13569"
"P55072","P13569"
"O43707","P13569"
"P55786","P13569"
"P63151","P13569"
"O75695","P13569"
"P33993","P13569"
"Q13162","P13569"
"O14974","P13569"
"P35749","P13569"
"Q14204","P13569"
"O75521","P13569"
"Q99832","P13569"
"Q9H5V8","P13569"
"P38606","P13569"
"P35232","P13569"
"Q9Y4I1","P13569"
"P54652","P13569"
"P28290","P13569"
"Q14764","P13569"
"P33176","P13569"
"P18669","P13569"
"O43795","P13569"
"P38646","P13569"
"P56192","P13569"
"P62244","P13569"
"Q14247","P13569"
"O75955","P13569"
"O95373","P13569"
"Q9NQX4","P13569"
"Q9Y266","P13569"
"Q5T4S7","P13569"
"P62857","P13569"
"Q9Y4L1","P13569"
"Q8WWI1","P13569"
"P06753","P13569"
"Q7Z406","P13569"
"P47897","P13569"
"Q9P258","P13569"
"P46783","P13569"
"Q9UKK3","P13569"
"P67936","P13569"
"Q15233","P13569"
"Q9P2E9","P13569"
"P15311","P13569"
"Q9P0K7","P13569"
"P58107","P13569"
"Q9UM54","P13569"
"P84098","P13569"
"P62906","P13569"
"Q9H3U1","P13569"
"Q03001","P13569"
"O00571","P13569"
"Q9BU76","P13569"
"P52272","P05412"
"Q6P1J9","P05412"
"O75934","P05412"
"P11142","P05412"
"P17482","P05412"
"Q8NBS9","P05412"
"Q7L014","P05412"
"Q14103","P05412"
"P26639","P05412"
"Q8WX92","P05412"
"P33778","P05412"
"Q00005","P05412"
"Q13573","P05412"
"O00425","P05412"
"P17544","P05412"
"Q15311","P05412"
"O14983","P05412"
"P49419","P05412"
"P55209","P05412"
"P19338","P05412"
"P25685","P05412"
"O60841","P05412"
"P25789","P05412"
"Q07065","P05412"
"O00487","P05412"
"P11387","P05412"
"Q6DKI1","P05412"
"O75400","P05412"
"P24534","P05412"
"O14974","P05412"
"P78527","P05412"
"Q99459","P05412"
"Q05519","P05412"
"Q93034","P05412"
"Q13330","P05412"
"Q09472","P05412"
"P05386","P05412"
"Q5BKZ1","P05412"
"Q14974","P05412"
"O14980","P05412"
"Q12824","P05412"
"P55265","P05412"
"P09661","P05412"
"P63151","P05412"
"P47914","P05412"
"Q8N5C6","P05412"
"O15226","P05412"
"O75643","P05412"
"Q13123","P05412"
"Q8NI27","P05412"
"Q15233","P05412"
"P23381","P05412"
"Q14331","P05412"
"P62899","P05412"
"O60343","P05412"
"Q15393","P05412"
"P22102","P05412"
"Q96AG4","P05412"
"Q8TAQ2","P05412"
"P12814","P05412"
"Q9UJV9","P05412"
"P22626","P05412"
"Q96B23","P05412"
"P18124","P05412"
"P49368","P05412"
"Q03112","P05412"
"P78559","P05412"
"P49959","P05412"
"Q8WXF1","P05412"
"Q14008","P05412"
"P21912","P05412"
"Q9C0C9","P05412"
"P53779","P05412"
"P83731","P05412"
"Q8IWZ3","P05412"
"P45983","P05412"
"Q8WWK9","P05412"
"P49411","P05412"
"Q92945","P05412"
"Q9NYV4","P05412"
"P18847","P05412"
"Q9NRL3","P05412"
"Q96A08","P05412"
"P62807","P05412"
"P38398","P05412"
"Q08945","P05412"
"Q9Y4L1","P05412"
"Q9BUQ8","P05412"
"P78371","P05412"
"P11021","P05412"
"Q99460","P05412"
"O43172","P05412"
"Q96RK0","Q08379"
"Q96F82","Q08379"
"O95983","Q08379"
"Q15386","Q08379"
"Q99469","Q08379"
"Q8TC71","Q08379"
"Q2TBE0","Q08379"
"Q92993","Q08379"
"Q15560","Q08379"
"X5D778","Q08379"
"Q08378","Q08379"
"Q9NU19","Q08379"
"Q8TBE0","Q08379"
"Q8N443","Q08379"
"Q14687","Q08379"
"Q969R5","Q08379"
"Q6ZTW0","Q08379"
"Q99633","Q08379"
"Q9UHB7","Q08379"
"Q96FJ0","Q08379"
"Q5JVL4","Q08379"
"Q96T49","Q08379"
"Q5TAP6","Q08379"
"O43395","Q08379"
"O95886","Q08379"
"Q8TAE8","Q08379"
"P29474","Q08379"
"Q5T8A7","Q08379"
"Q8IYH5","Q08379"
"Q969G3","Q08379"
"O95391","Q08379"
"Q96MY7","Q08379"
"A4D1E9","Q08379"
"Q9BSJ6","Q08379"
"Q8NCN4","Q08379"
"Q8IX12","Q08379"
"P78337","Q08379"
"Q9BW85","Q08379"
"Q9UPN6","Q08379"
"O95872","Q08379"
"Q6NS38","Q08379"
"Q9BU76","Q08379"
"Q15643","Q08379"
"Q8NA57","Q08379"
"A0A0S2Z3U4","Q08379"
"Q63HK5","Q08379"
"Q08495","Q08379"
"Q9NRE2","Q08379"
"Q9NVF7","Q08379"
"P48552","Q08379"
"Q96GE4","Q08379"
"Q03252","Q08379"
"Q5S007","Q08379"
"Q92917","Q08379"
"Q99459","Q08379"
"O75689","Q08379"
"E9PSE9","Q08379"
"Q9BRU9","Q08379"
"Q96C55","Q08379"
"O94875-10","Q08379"
"O75348","Q08379"
"Q15735","Q08379"
"Q96I25","Q08379"
"Q15319","Q08379"
"Q8WUT1","Q08379"
"Q5T4S7","Q08379"
"Q9Y247","Q08379"
"Q56NI9","Q08379"
"Q8N715","Q08379"
"Q9NVL8","Q08379"
"P49756","Q08379"
"Q9Y6Y8","Q08379"
"Q6P444","Q08379"
"P38936","Q08379"
"Q8IX12","P19320"
"O75146","P19320"
"O00459","P19320"
"Q9UBC2","P19320"
"Q9Y6I3","P19320"
"P49327","P19320"
"Q14157","P19320"
"P35658","P19320"
"Q16643","P19320"
"P53990","P19320"
"O15357","P19320"
"P26640","P19320"
"P04792","P19320"
"P54819","P19320"
"P27816","P19320"
"Q9Y5A9","P19320"
"Q9UPN3","P19320"
"Q13057","P19320"
"P19623","P19320"
"P25786","P19320"
"Q8N5M4","P19320"
"P51532","P19320"
"Q9BQG0","P19320"
"Q9Y520","P19320"
"Q86XP3","P19320"
"P49588","P19320"
"Q7KZF4","P19320"
"P04818","P19320"
"Q1WWK5","P19320"
"Q9Y490","P19320"
"E9PAU2","P19320"
"Q9Y5J1","P19320"
"Q15149","P19320"
"Q8WXE9","P19320"
"Q6PKG0","P19320"
"A5YKK6","P19320"
"O14979","P19320"
"O94979","P19320"
"P30626","P19320"
"Q15233","P19320"
"P51148","P19320"
"Q14671","P19320"
"P67870","P19320"
"Q8WWM7","P19320"
"P55884","P19320"
"P42166","P19320"
"P10412","P19320"
"A6NHR9","P19320"
"O00233","P19320"
"O00291","P19320"
"P27708","P19320"
"P36776","P19320"
"Q9NR56","P19320"
"P11940","P19320"
"P09496","P19320"
"Q14166","P19320"
"Q14204","P19320"
"Q5T4S7","P19320"
"O14776","P19320"
"O00560","P19320"
"P12829","P19320"
"Q9UNM6","P19320"
"Q9NP79","P19320"
"Q15637","P19320"
"P29692","P19320"
"O43809","P19320"
"Q04637","P19320"
"Q96AE4","P19320"
"P01857","P19320"
"Q9H0A0","P19320"
"P22102","P19320"
"Q99661","P19320"
"Q00839","P19320"
"Q53FZ2","P19320"
"P23396","P19320"
"P23246","P19320"
"O75179","P19320"
"Q9Y5K6","P19320"
"P47897","P19320"
"Q9H3S7","P19320"
"Q6UY14","P19320"
"Q14160","P19320"
"P52594","P19320"
"P22061","P19320"
"Q15942","P19320"
"Q5SRE5","P19320"
"P22681","P19320"
"P18206","P19320"
"O43488","P19320"
"Q9H444","P19320"
"O60264","P19320"
"Q6P2E9","P19320"
"P78527","P19320"
"Q15181","P19320"
"Q9NU22","P19320"
"P09668","P19320"
"P33992","P19320"
"P04075","P19320"
"O75694","P19320"
"Q15785","P19320"
"P50552","P19320"
"P49411","P19320"
"P46940","P19320"
"O00232","P19320"
"Q9ULH0","P19320"
"P16949","P19320"
"P07384","P19320"
"P35908","P19320"
"Q9UKD2","P19320"
"P48444","P19320"
"P54577","P19320"
"Q92614","P19320"
"P19338","P19320"
"P98179","P19320"
"Q9H583","P19320"
"Q9Y6B6","P19320"
"Q13526","P19320"
"Q96HS1","P19320"
"E9PB61","P19320"
"P42677","P19320"
"Q5SSJ5","P19320"
"Q9NVP1","P19320"
"P49915","P19320"
"P43405","P19320"
"P31946","P19320"
"P52292","P19320"
"P17096","P19320"
"O43242","P19320"
"P08559","P19320"
"P84098","P19320"
"Q6P2Q9","P19320"
"P26373","P19320"
"Q00059","P19320"
"P61981","P19320"
"P26038","P19320"
"P21912","P19320"
"P13612","P19320"
"Q13310","P19320"
"P08238","P19320"
"O60231","P19320"
"P0DMV9","P19320"
"P07910","P19320"
"P78344","P19320"
"P26641","P19320"
"P52597","P19320"
"O43395","P19320"
"Q15102","P19320"
"Q9NX63","P19320"
"P05109","P19320"
"Q9UKM9","P19320"
"P06493","P19320"
"Q14566","P19320"
"P07814","P19320"
"Q96QK1","P19320"
"O00567","P19320"
"P41252","P19320"
"Q7L2E3","P19320"
"P12956","P19320"
"P50402","P19320"
"Q9UBQ5","P19320"
"P08779","P19320"
"Q99613","P19320"
"P12270","P19320"
"P42566","P19320"
"P56192","P19320"
"O14744","P19320"
"P11387","P19320"
"Q08945","P19320"
"P62913","P19320"
"Q8TC07","P19320"
"P63104","P19320"
"Q12906","P19320"
"P49736","P19320"
"P35580","P19320"
"P55196","P19320"
"Q15154","P19320"
"Q8IWZ3","P19320"
"P35579","P19320"
"O75643","P19320"
"P40926","P19320"
"Q9NR30","Q5S007"
"Q5T4S7","Q5S007"
"Q6P2Q9","Q5S007"
"Q9Y5M8","Q5S007"
"O00429","Q5S007"
"P11171","Q5S007"
"Q92552","Q5S007"
"P38646","Q5S007"
"P26641","Q5S007"
"Q9HD20","Q5S007"
"P50990","Q5S007"
"Q14240","Q5S007"
"Q9Y5B9","Q5S007"
"Q9NU22","Q5S007"
"Q9UKV3","Q5S007"
"Q9H6S0","Q5S007"
"Q9H936","Q5S007"
"Q15084","Q5S007"
"P34932","Q5S007"
"P49406","Q5S007"
"Q6P1J9","Q5S007"
"P26038","Q5S007"
"O60763","Q5S007"
"Q5JWF2","Q5S007"
"Q7Z406","Q5S007"
"P42766","Q5S007"
"Q14152","Q5S007"
"Q7Z4Q2","Q5S007"
"P09661","Q5S007"
"Q16543","Q5S007"
"A5YKK6","Q5S007"
"Q16891","Q5S007"
"Q9Y2X3","Q5S007"
"Q8WXF1","Q5S007"
"Q13435","Q5S007"
"Q9Y6G9","Q5S007"
"Q14008","Q5S007"
"P23246","Q5S007"
"P14625","Q5S007"
"Q13144","Q5S007"
"Q14232","Q5S007"
"O95801","Q5S007"
"P27348","Q5S007"
"Q13136","Q5S007"
"O15027","Q5S007"
"Q5H9R7","Q5S007"
"O15397","Q5S007"
"Q8NBS9","Q5S007"
"Q9Y2Z4","Q5S007"
"Q8N1F7","Q5S007"
"P13645","Q5S007"
"Q9Y3Z3","Q5S007"
"Q8TDN6","Q5S007"
"Q9UKX2","Q5S007"
"Q7L0Y3","Q5S007"
"P82932","Q5S007"
"Q9BQG0","Q5S007"
"Q96EY7","Q5S007"
"P26639","Q5S007"
"Q96CS3","Q5S007"
"P61254","Q5S007"
"Q9UBB4","Q5S007"
"Q8IY81","Q5S007"
"Q14683","Q5S007"
"Q9Y5Q9","Q5S007"
"Q93034","Q5S007"
"P35221","Q5S007"
"Q92878","Q5S007"
"P84098","Q5S007"
"P04040","Q5S007"
"O75116","Q5S007"
"P35580","Q5S007"
"Q9HCC0","Q5S007"
"Q06830","Q5S007"
"P13797","Q5S007"
"Q5SW79","Q5S007"
"Q9Y230","Q5S007"
"O75400","Q5S007"
"P31946","Q5S007"
"Q96AG4","Q5S007"
"Q86UP2","Q5S007"
"P49916","Q5S007"
"Q9BU76","Q5S007"
"Q9Y3D8","Q5S007"
"Q13257","Q5S007"
"P11142","Q5S007"
"P20248","Q5S007"
"Q9BSJ2","Q5S007"
"P26599","Q5S007"
"P26373","Q5S007"
"O75396","Q5S007"
"Q9Y520","Q5S007"
"Q13363","Q5S007"
"P49327","Q5S007"
"P36507","Q5S007"
"Q99623","Q5S007"
"P17858","Q5S007"
"P42285","Q5S007"
"Q92973","Q5S007"
"Q4VCS5","Q5S007"
"Q9Y4L1","Q5S007"
"Q71RC2","Q5S007"
"Q9NVU7","Q5S007"
"P62913","Q5S007"
"O75153","Q5S007"
"P12814","Q5S007"
"P49792","Q5S007"
"O60502","Q5S007"
"O43156","Q5S007"
"O75152","Q5S007"
"Q86Y56","Q5S007"
"P22234","Q5S007"
"Q8N122","Q5S007"
"A0A024R2Z6","Q5S007"
"Q15392","Q5S007"
"Q13158","Q5S007"
"O95202","Q5S007"
"Q92665","Q5S007"
"P42695","Q5S007"
"Q9NYY8","Q5S007"
"Q9H3U1","Q5S007"
"Q14789","Q5S007"
"P42166","Q5S007"
"Q9NR50","Q5S007"
"Q9NW64","Q5S007"
"P31689","Q5S007"
"P82675","Q5S007"
"P38432","Q5S007"
"Q8NBJ5","Q5S007"
"O95347","Q5S007"
"Q14247","Q5S007"
"P07900","Q5S007"
"Q7KZI7","Q5S007"
"Q6PKG0","Q5S007"
"Q14315","Q5S007"
"Q9BS26","Q5S007"
"Q86UE4","Q5S007"
"Q8NC51","Q5S007"
"Q96A33","Q5S007"
"P07196","Q5S007"
"P47897","Q5S007"
"Q99700","Q5S007"
"Q08379","Q5S007"
"O60264","Q5S007"
"Q9BYN8","Q5S007"
"P61006","Q5S007"
"P25789","Q5S007"
"P17980","Q5S007"
"P27708","Q5S007"
"P37802","Q5S007"
"O14976","Q5S007"
"P49736","Q5S007"
"Q9P0J0","Q5S007"
"Q01844","Q5S007"
"Q9NTJ3","Q5S007"
"Q9NYU2","Q5S007"
"P28331","Q5S007"
"Q9UPU5","Q5S007"
"O14733","Q5S007"
"Q13283","Q5S007"
"P52948","Q5S007"
"P14373","Q5S007"
"O14654","Q5S007"
"P18031","Q5S007"
"Q7Z7H8","Q5S007"
"P36957","Q5S007"
"O43795","Q5S007"
"P82650","Q5S007"
"Q08211","Q5S007"
"P25311","Q5S007"
"P07384","Q5S007"
"P15924","Q5S007"
"Q9BW92","Q5S007"
"P35579","Q5S007"
"P62424","Q5S007"
"Q9NX20","Q5S007"
"Q8NFF5","Q5S007"
"O94874","Q5S007"
"Q14204","Q5S007"
"Q02543","Q5S007"
"O14617","Q5S007"
"O94906","Q5S007"
"Q92900","Q5S007"
"Q93009","Q5S007"
"Q9C0C9","Q5S007"
"Q05519","Q5S007"
"Q8IUF8","Q5S007"
"O15371","Q5S007"
"O75179","Q5S007"
"Q9H2U1","Q5S007"
"P55884","Q5S007"
"O14776","Q5S007"
"Q01780","Q5S007"
"Q9NZL4","Q5S007"
"P08238","Q5S007"
"Q6P158","Q5S007"
"Q8WWM7","Q5S007"
"Q8TD16","Q5S007"
"Q8NI27","Q5S007"
"Q9BQ39","Q5S007"
"P78527","Q5S007"
"Q9Y3I0","Q5S007"
"Q14444","Q5S007"
"P61026","Q5S007"
"Q9UHB9","Q5S007"
"Q14197","Q5S007"
"P67809","Q5S007"
"P55036","Q5S007"
"Q12769","Q5S007"
"P43686","Q5S007"
"P39023","Q5S007"
"Q6P2E9","Q5S007"
"Q8N7H5","Q5S007"
"Q13637","Q5S007"
"O75369","Q5S007"
"P60174","Q5S007"
"Q15393","Q5S007"
"Q5JRX3","Q5S007"
"Q9UBU9","Q5S007"
"O43707","Q5S007"
"P35606","Q5S007"
"O75533","Q5S007"
"Q9BU23","Q5S007"
"P07437","Q5S007"
"Q9BV38","Q5S007"
"Q93008","Q5S007"
"P10909","Q5S007"
"Q9H2P9","Q5S007"
"P12532","Q5S007"
"O43719","Q5S007"
"Q04917","Q5S007"
"Q14257","Q5S007"
"P13667","Q5S007"
"P31323","Q5S007"
"Q14966","Q5S007"
"P20700","Q5S007"
"Q13951","Q5S007"
"Q13509","Q5S007"
"P49756","Q5S007"
"Q99426","Q5S007"
"O14646","Q5S007"
"Q16513","Q5S007"
"O43242","Q5S007"
"Q01968","Q5S007"
"Q14157","Q5S007"
"Q14155","Q5S007"
"Q06210","Q5S007"
"O95816","Q5S007"
"Q969S3","Q5S007"
"Q96DV4","Q5S007"
"O75934","Q5S007"
"Q99567","Q5S007"
"P51812","Q5S007"
"P04350","Q5S007"
"Q8WWY3","Q5S007"
"Q9NZI8","Q5S007"
"P63151","Q5S007"
"P61981","Q5S007"
"Q9Y4W2","Q5S007"
"P22695","Q5S007"
"Q12788","Q5S007"
"Q8WXX5","Q5S007"
"Q05048","Q5S007"
"P08621","Q5S007"
"Q15020","Q5S007"
"Q96P70","Q5S007"
"Q5T6F2","Q5S007"
"P31153","Q5S007"
"Q9BUF5","Q5S007"
"O94776","Q5S007"
"Q13618","Q5S007"
"P10644","Q5S007"
"P14866","Q5S007"
"Q14203","Q5S007"
"P21333","Q5S007"
"Q96N67","Q5S007"
"Q07666","Q5S007"
"O60716","Q5S007"
"O95470","Q5S007"
"P50991","Q5S007"
"Q9UBD5","Q5S007"
"P04075","Q5S007"
"O14874","Q5S007"
"P07737","Q5S007"
"P18583","Q5S007"
"P30876","Q5S007"
"Q96KB5","Q5S007"
"P19338","Q5S007"
"O75821","Q5S007"
"P35268","Q5S007"
"P51553","Q5S007"
"P38606","Q5S007"
"P48047","Q5S007"
"O43865","Q5S007"
"Q8IXI2","Q5S007"
"P55084","Q5S007"
"Q13148","Q5S007"
"O75419","Q5S007"
"P50213","Q5S007"
"P18077","Q5S007"
"Q07021","Q5S007"
"Q16186","Q5S007"
"Q7Z2W9","Q5S007"
"Q02413","Q5S007"
"P62847","Q5S007"
"P13995","Q5S007"
"Q96L92","Q5S007"
"P12268","Q5S007"
"O94973","Q5S007"
"Q9HCE1","Q5S007"
"P30101","Q5S007"
"O43615","Q5S007"
"Q9Y2L1","Q5S007"
"P30040","Q5S007"
"Q9Y2W1","Q5S007"
"P36542","Q5S007"
"Q00839","Q5S007"
"P09874","Q5S007"
"Q8NBU5","Q5S007"
"Q14103","Q5S007"
"O60260","Q5S007"
"Q06124","Q5S007"
"P56385","Q5S007"
"Q9H8Y8","Q5S007"
"Q5BJF2","Q5S007"
"O00425","Q5S007"
"Q15008","Q5S007"
"O94905","Q5S007"
"P55060","Q5S007"
"Q13616","Q5S007"
"Q15637","Q5S007"
"P99999","Q5S007"
"P35251","Q5S007"
"Q99497","Q5S007"
"P00558","Q5S007"
"P07814","Q5S007"
"Q9Y5A9","Q5S007"
"P13804","Q5S007"
"P49915","Q5S007"
"O60832","Q5S007"
"O14828","Q5S007"
"P13639","Q5S007"
"Q8TEQ6","Q5S007"
"P62841","Q5S007"
"Q7Z4V5","Q5S007"
"Q8TDD1","Q5S007"
"P30260","Q5S007"
"Q92769","Q5S007"
"Q9Y266","Q5S007"
"Q99816","Q5S007"
"O94826","Q5S007"
"P13010","Q5S007"
"P51398","Q5S007"
"Q9BXP5","Q5S007"
"P62269","Q5S007"
"Q8N5F7","Q5S007"
"Q9H845","Q5S007"
"Q92621","Q5S007"
"Q9NXE4","Q5S007"
"Q9H0A0","Q5S007"
"Q15366","Q5S007"
"P14735","Q5S007"
"P35659","Q5S007"
"Q9Y383","Q5S007"
"Q13564","Q5S007"
"P62258","Q5S007"
"P08240","Q5S007"
"P83731","Q5S007"
"Q5SRE5","Q5S007"
"P82673","Q5S007"
"Q99615","Q5S007"
"Q9NYF8","Q5S007"
"P54136","Q5S007"
"O43143","Q5S007"
"P52701","Q5S007"
"O95831","Q5S007"
"P08708","Q5S007"
"Q4G0J3","Q5S007"
"Q12904","Q5S007"
"P37108","Q5S007"
"P78371","Q5S007"
"P00338","Q5S007"
"O75477","Q5S007"
"Q13200","Q5S007"
"Q16531","Q5S007"
"Q9Y4E8","Q5S007"
"P02768","Q5S007"
"Q14974","Q5S007"
"P46063","Q5S007"
"Q02790","Q5S007"
"Q9HAV7","Q5S007"
"P25685","Q5S007"
"Q14566","Q5S007"
"P61086","Q5S007"
"P53618","Q5S007"
"Q7L1Q6","Q5S007"
"P05787","Q5S007"
"P61956","Q5S007"
"Q2NL82","Q5S007"
"O75643","Q5S007"
"P25788","Q5S007"
"P14618","Q5S007"
"P23381","Q5S007"
"O43175","Q5S007"
"P05387","Q5S007"
"Q9H0U4","Q5S007"
"P25398","Q5S007"
"Q5VWZ2","Q5S007"
"P50454","Q5S007"
"Q92499","Q5S007"
"P53621","Q5S007"
"Q8TCJ2","Q5S007"
"O14641","Q5S007"
"P28072","Q5S007"
"P49770","Q5S007"
"Q52LJ0","Q5S007"
"O00273","Q5S007"
"P16402","Q5S007"
"Q13895","Q5S007"
"P28074","Q5S007"
"O43819","Q5S007"
"Q13838","Q5S007"
"P30153","Q5S007"
"Q96J01","Q5S007"
"P53992","Q5S007"
"Q8N1G4","Q5S007"
"P31930","Q5S007"
"P25490","Q5S007"
"P46779","Q5S007"
"Q9BY44","Q5S007"
"Q15758","Q5S007"
"O15294","Q5S007"
"A4D0U5","Q5S007"
"O00411","Q5S007"
"Q14671","Q5S007"
"O75306","Q5S007"
"P62318","Q5S007"
"Q92997","Q5S007"
"P27824","Q5S007"
"Q9BYC9","Q5S007"
"Q10713","Q5S007"
"P61221","Q5S007"
"Q9UKN8","Q5S007"
"Q13724","Q5S007"
"Q9UJZ1","Q5S007"
"P30048","Q5S007"
"Q9UL15","Q5S007"
"P08559","Q5S007"
"P53985","Q5S007"
"Q01813","Q5S007"
"Q15046","Q5S007"
"Q9H1A4","Q5S007"
"Q9Y678","Q5S007"
"Q9UM00","Q5S007"
"Q9BV20","Q5S007"
"Q9NRN7","Q5S007"
"O15260","Q5S007"
"P31749","Q5S007"
"P05023","Q5S007"
"P57740","Q5S007"
"Q09161","Q5S007"
"P78345","Q5S007"
"P17612","Q5S007"
"Q4J6C6","Q5S007"
"P42858","Q5S007"
"O60488","Q5S007"
"P09622","Q5S007"
"P62280","Q5S007"
"Q00534","Q5S007"
